"close-popup href","product-info","sutitle-product-popup","product-info 2","product-info href","new-price","inc-tax","variants","down","up","btn","btn href","btn 2","btn 3","unavailable-product-popup","img href","first src","product-fancy href","title","grid-cell href","new-price 2","price href 2","inc-tax 2"
"javascript:;","Faded Royal and Black Luggage","has been added to your shopping cart","More info","https://www.thebomberstore.com/faded-royal-and-black-suitcase.html","C$265.00","(C$265.00 Incl. tax)","Make a choice","-","+","Add to cart","javascript:;","Continue shopping","View cart","Out of stock","","","","","","","",""
"","","","","","C$265.00","(C$265.00 Incl. tax)","","","","+ Add to cart","https://www.thebomberstore.com/accessories/#product-popup-65848794","+","","","https://www.thebomberstore.com/faded-royal-and-black-suitcase.html","https://cdn.shoplightspeed.com/shops/629769/files/68265491/500x350x2/branded-luggage-co-faded-royal-and-black-luggage.jpg","https://cdn.shoplightspeed.com/shops/629769/files/68265491/image.jpg","Faded Royal and Black Luggage","https://www.thebomberstore.com/account/wishlistAdd/65848794/?variant_id=110461733","C$265.00","https://www.thebomberstore.com/service/shipping-returns/","(C$265.00 Incl. tax)"
"javascript:;","Let's Go Bombers Fleece Throw Blanket","has been added to your shopping cart","More info","https://www.thebomberstore.com/fleece-throw-blanket.html","C$39.99","(C$39.99 Incl. tax)","Make a choice","-","+","Add to cart","javascript:;","Continue shopping","View cart","Out of stock","","","","","","","",""
"","","","","","C$39.99","(C$39.99 Incl. tax)","","","","+ Add to cart","https://www.thebomberstore.com/accessories/#product-popup-66270191","+","","","https://www.thebomberstore.com/fleece-throw-blanket.html","https://cdn.shoplightspeed.com/shops/629769/files/71668080/500x350x2/gertex-lets-go-bombers-fleece-throw-blanket.jpg","https://cdn.shoplightspeed.com/shops/629769/files/71668080/image.jpg","Let's Go Bombers Fleece Throw Blanket","https://www.thebomberstore.com/account/wishlistAdd/66270191/?variant_id=111240545","C$39.99","https://www.thebomberstore.com/service/shipping-returns/","(C$39.99 Incl. tax)"
"javascript:;","Gaitor","has been added to your shopping cart","More info","https://www.thebomberstore.com/gaitor-style-royal-and-gold-mask.html","C$4.99","(C$4.99 Incl. tax)","Make a choice","-","+","Add to cart","javascript:;","Continue shopping","View cart","Out of stock","","","","","","","",""
"","","","","","C$4.99","(C$4.99 Incl. tax)","","","","+ Add to cart","https://www.thebomberstore.com/accessories/#product-popup-29645234","+","","","https://www.thebomberstore.com/gaitor-style-royal-and-gold-mask.html","https://cdn.shoplightspeed.com/shops/629769/files/21825869/500x350x2/blue-bombers-brand-gaitor.jpg","https://cdn.shoplightspeed.com/shops/629769/files/21825869/image.jpg","Gaitor","https://www.thebomberstore.com/account/wishlistAdd/29645234/?variant_id=48954480","C$4.99","https://www.thebomberstore.com/service/shipping-returns/","(C$4.99 Incl. tax)"
"javascript:;","108th Grey Cup Score Football","has been added to your shopping cart","More info","https://www.thebomberstore.com/108th-greycup-score-football.html","C$249.99","(C$249.99 Incl. tax)","Make a choice","-","+","Add to cart","javascript:;","Continue shopping","View cart","Out of stock","","","","","","","",""
"","","","","","C$249.99","(C$249.99 Incl. tax)","","","","+ Add to cart","https://www.thebomberstore.com/accessories/#product-popup-46838260","+","","","https://www.thebomberstore.com/108th-greycup-score-football.html","https://cdn.shoplightspeed.com/shops/629769/files/43229878/500x350x2/wilson-108th-grey-cup-score-football.jpg","https://cdn.shoplightspeed.com/shops/629769/files/43229878/image.jpg","108th Grey Cup Score Football","https://www.thebomberstore.com/account/wishlistAdd/46838260/?variant_id=76833934","C$249.99","https://www.thebomberstore.com/service/shipping-returns/","(C$249.99 Incl. tax)"
"javascript:;","CFL Team Mini Football","has been added to your shopping cart","More info","https://www.thebomberstore.com/cfl-team-mini-football.html","C$19.99","(C$19.99 Incl. tax)","Make a choice","-","+","Add to cart","javascript:;","Continue shopping","View cart","Out of stock","","","","","","","",""
"","","","","","C$19.99","(C$19.99 Incl. tax)","","","","+ Add to cart","https://www.thebomberstore.com/accessories/#product-popup-55162389","+","","","https://www.thebomberstore.com/cfl-team-mini-football.html","https://cdn.shoplightspeed.com/shops/629769/files/58172248/500x350x2/wilson-cfl-team-mini-football.jpg","https://cdn.shoplightspeed.com/shops/629769/files/58172248/image.jpg","CFL Team Mini Football","https://www.thebomberstore.com/account/wishlistAdd/55162389/?variant_id=91018690","C$19.99","https://www.thebomberstore.com/service/shipping-returns/","(C$19.99 Incl. tax)"
"javascript:;","Helmet Logo Pop Socket","has been added to your shopping cart","More info","https://www.thebomberstore.com/helmet-logo-pop-socket.html","C$2.99","(C$2.99 Incl. tax)","Make a choice","-","+","Add to cart","javascript:;","Continue shopping","View cart","Out of stock","","","","","","","",""
"","","","","","C$2.99","(C$2.99 Incl. tax)","","","","+ Add to cart","https://www.thebomberstore.com/accessories/#product-popup-24679302","+","","","https://www.thebomberstore.com/helmet-logo-pop-socket.html","https://cdn.shoplightspeed.com/shops/629769/files/17702289/500x350x2/jian-helmet-logo-pop-socket.jpg","https://cdn.shoplightspeed.com/shops/629769/files/17702289/image.jpg","Helmet Logo Pop Socket","https://www.thebomberstore.com/account/wishlistAdd/24679302/?variant_id=41144566","C$2.99","https://www.thebomberstore.com/service/shipping-returns/","(C$2.99 Incl. tax)"
"javascript:;","W Logo Neon Light Up Sign","has been added to your shopping cart","More info","https://www.thebomberstore.com/w-logo-neon-light-up-sign.html","C$89.99","(C$89.99 Incl. tax)","Make a choice","-","+","Add to cart","javascript:;","Continue shopping","View cart","Out of stock","","","","","","","",""
"","","","","","C$89.99","(C$89.99 Incl. tax)","","","","+ Add to cart","https://www.thebomberstore.com/accessories/#product-popup-67244945","+","","","https://www.thebomberstore.com/w-logo-neon-light-up-sign.html","https://cdn.shoplightspeed.com/shops/629769/files/70658598/500x350x2/kdi-w-logo-neon-light-up-sign.jpg","https://cdn.shoplightspeed.com/shops/629769/files/70658598/image.jpg","W Logo Neon Light Up Sign","https://www.thebomberstore.com/account/wishlistAdd/67244945/?variant_id=113012829","C$89.99","https://www.thebomberstore.com/service/shipping-returns/","(C$89.99 Incl. tax)"
"javascript:;","Team Outdoors Tic Tac Toe","has been added to your shopping cart","More info","https://www.thebomberstore.com/team-outdoors-tic-tac-toe.html","C$49.99","(C$49.99 Incl. tax)","Make a choice","-","+","Add to cart","javascript:;","Continue shopping","View cart","Out of stock","","","","","","","",""
"","","","","","C$49.99","(C$49.99 Incl. tax)","","","","+ Add to cart","https://www.thebomberstore.com/accessories/#product-popup-67834351","+","","","https://www.thebomberstore.com/team-outdoors-tic-tac-toe.html","https://cdn.shoplightspeed.com/shops/629769/files/71838480/500x350x2/kdi-team-outdoors-tic-tac-toe.jpg","https://cdn.shoplightspeed.com/shops/629769/files/71838480/image.jpg","Team Outdoors Tic Tac Toe","https://www.thebomberstore.com/account/wishlistAdd/67834351/?variant_id=114084616","C$49.99","https://www.thebomberstore.com/service/shipping-returns/","(C$49.99 Incl. tax)"
"javascript:;","14oz Stoneware Mug","has been added to your shopping cart","More info","https://www.thebomberstore.com/14oz-stoneware-mug.html","C$24.99","(C$24.99 Incl. tax)","Make a choice","-","+","Add to cart","javascript:;","Continue shopping","View cart","Out of stock","","","","","","","",""
"","","","","","C$24.99","(C$24.99 Incl. tax)","","","","+ Add to cart","https://www.thebomberstore.com/accessories/#product-popup-58464900","+","","","https://www.thebomberstore.com/14oz-stoneware-mug.html","https://cdn.shoplightspeed.com/shops/629769/files/56653157/500x350x2/the-sports-vault-14oz-stoneware-mug.jpg","https://cdn.shoplightspeed.com/shops/629769/files/56653157/image.jpg","14oz Stoneware Mug","https://www.thebomberstore.com/account/wishlistAdd/58464900/?variant_id=96957154","C$24.99","https://www.thebomberstore.com/service/shipping-returns/","(C$24.99 Incl. tax)"
"javascript:;","Blue Bombers Pet Jersey","has been added to your shopping cart","More info","https://www.thebomberstore.com/blue-bombers-pet-jersey.html","C$36.00","(C$36.00 Incl. tax)","Make a choice","-","+","Add to cart","javascript:;","Continue shopping","View cart","Out of stock","","","","","","","",""
"","","","","","C$36.00","(C$36.00 Incl. tax)","","","","+ Add to cart","https://www.thebomberstore.com/accessories/#product-popup-24637840","+","","","https://www.thebomberstore.com/blue-bombers-pet-jersey.html","https://cdn.shoplightspeed.com/shops/629769/files/17701903/500x350x2/pets-first-blue-bombers-pet-jersey.jpg","https://cdn.shoplightspeed.com/shops/629769/files/17701903/image.jpg","Blue Bombers Pet Jersey","https://www.thebomberstore.com/account/wishlistAdd/24637840/?variant_id=41081182","C$36.00","https://www.thebomberstore.com/service/shipping-returns/","(C$36.00 Incl. tax)"
"javascript:;","Pet Pillow Bed","has been added to your shopping cart","More info","https://www.thebomberstore.com/copy-of-hedgehog-plush-pet-toy.html","C$50.00","(C$50.00 Incl. tax)","Make a choice","-","+","Add to cart","javascript:;","Continue shopping","View cart","Out of stock","","","","","","","",""
"","","","","","C$50.00","(C$50.00 Incl. tax)","","","","+ Add to cart","https://www.thebomberstore.com/accessories/#product-popup-67417398","+","","","https://www.thebomberstore.com/copy-of-hedgehog-plush-pet-toy.html","https://cdn.shoplightspeed.com/shops/629769/files/70978118/500x350x2/pets-first-pet-pillow-bed.jpg","https://cdn.shoplightspeed.com/shops/629769/files/70978118/image.jpg","Pet Pillow Bed","https://www.thebomberstore.com/account/wishlistAdd/67417398/?variant_id=113304726","C$50.00","https://www.thebomberstore.com/service/shipping-returns/","(C$50.00 Incl. tax)"
"javascript:;","Large Tumbler With Straw","has been added to your shopping cart","More info","https://www.thebomberstore.com/large-tumbler-with-straw.html","C$29.99","(C$29.99 Incl. tax)","Make a choice","-","+","Add to cart","javascript:;","Continue shopping","View cart","Out of stock","","","","","","","",""
"","","","","","C$29.99","(C$29.99 Incl. tax)","","","","+ Add to cart","https://www.thebomberstore.com/accessories/#product-popup-66270119","+","","","https://www.thebomberstore.com/large-tumbler-with-straw.html","https://cdn.shoplightspeed.com/shops/629769/files/71667983/500x350x2/gertex-large-tumbler-with-straw.jpg","https://cdn.shoplightspeed.com/shops/629769/files/71667983/image.jpg","Large Tumbler With Straw","https://www.thebomberstore.com/account/wishlistAdd/66270119/?variant_id=111240378","C$29.99","https://www.thebomberstore.com/service/shipping-returns/","(C$29.99 Incl. tax)"
"javascript:;","Knitted Blue Bombers Beer Koozie","has been added to your shopping cart","More info","https://www.thebomberstore.com/knitted-beer-cozy.html","C$29.99","(C$29.99 Incl. tax)","Make a choice","-","+","Add to cart","javascript:;","Continue shopping","View cart","Out of stock","","","","","","","",""
"","","","","","C$29.99","(C$29.99 Incl. tax)","","","","+ Add to cart","https://www.thebomberstore.com/accessories/page2.html#product-popup-44492743","+","","","https://www.thebomberstore.com/knitted-beer-cozy.html","https://cdn.shoplightspeed.com/shops/629769/files/39523326/500x350x2/hockey-sockey-knitted-blue-bombers-beer-koozie.jpg","https://cdn.shoplightspeed.com/shops/629769/files/39523326/image.jpg","Knitted Blue Bombers Beer Koozie","https://www.thebomberstore.com/account/wishlistAdd/44492743/?variant_id=73130201","C$29.99","https://www.thebomberstore.com/service/shipping-returns/","(C$29.99 Incl. tax)"
"javascript:;","CFL Autograph Football","has been added to your shopping cart","More info","https://www.thebomberstore.com/cfl-autograph-football.html","C$74.99","(C$74.99 Incl. tax)","Make a choice","-","+","Add to cart","javascript:;","Continue shopping","View cart","Out of stock","","","","","","","",""
"","","","","","C$74.99","(C$74.99 Incl. tax)","","","","+ Add to cart","https://www.thebomberstore.com/accessories/page2.html#product-popup-55162409","+","","","https://www.thebomberstore.com/cfl-autograph-football.html","https://cdn.shoplightspeed.com/shops/629769/files/58172359/500x350x2/wilson-cfl-autograph-football.jpg","https://cdn.shoplightspeed.com/shops/629769/files/58172359/image.jpg","CFL Autograph Football","https://www.thebomberstore.com/account/wishlistAdd/55162409/?variant_id=91018722","C$74.99","https://www.thebomberstore.com/service/shipping-returns/","(C$74.99 Incl. tax)"
"javascript:;","Padded Seat Cushion","has been added to your shopping cart","More info","https://www.thebomberstore.com/copy-of-reversible-pillow-cases.html","C$29.99","(C$29.99 Incl. tax)","Make a choice","-","+","Add to cart","javascript:;","Continue shopping","View cart","Out of stock","","","","","","","",""
"","","","","","C$29.99","(C$29.99 Incl. tax)","","","","+ Add to cart","https://www.thebomberstore.com/accessories/page2.html#product-popup-67634333","+","","","https://www.thebomberstore.com/copy-of-reversible-pillow-cases.html","https://cdn.shoplightspeed.com/shops/629769/files/71447518/500x350x2/nemcore-padded-seat-cushion.jpg","https://cdn.shoplightspeed.com/shops/629769/files/71447518/image.jpg","Padded Seat Cushion","https://www.thebomberstore.com/account/wishlistAdd/67634333/?variant_id=113694246","C$29.99","https://www.thebomberstore.com/service/shipping-returns/","(C$29.99 Incl. tax)"
"javascript:;","Royal/White Colourblock Duffle","has been added to your shopping cart","More info","https://www.thebomberstore.com/copy-of-small-crossbody-bag.html","C$39.99","(C$39.99 Incl. tax)","Make a choice","-","+","Add to cart","javascript:;","Continue shopping","View cart","Out of stock","","","","","","","",""
"","","","","","C$39.99","(C$39.99 Incl. tax)","","","","+ Add to cart","https://www.thebomberstore.com/accessories/page2.html#product-popup-63374224","+","","","https://www.thebomberstore.com/copy-of-small-crossbody-bag.html","https://cdn.shoplightspeed.com/shops/629769/files/69435836/500x350x2/kdi-group-inc-royal-white-colourblock-duffle.jpg","https://cdn.shoplightspeed.com/shops/629769/files/69435836/image.jpg","Royal/White Colourblock Duffle","https://www.thebomberstore.com/account/wishlistAdd/63374224/?variant_id=105913038","C$39.99","https://www.thebomberstore.com/service/shipping-returns/","(C$39.99 Incl. tax)"
"javascript:;","Cowbell","has been added to your shopping cart","More info","https://www.thebomberstore.com/cowbell.html","C$14.99","(C$14.99 Incl. tax)","Make a choice","-","+","Add to cart","javascript:;","Continue shopping","View cart","Out of stock","","","","","","","",""
"","","","","","C$14.99","(C$14.99 Incl. tax)","","","","+ Add to cart","https://www.thebomberstore.com/accessories/page2.html#product-popup-24597567","+","","","https://www.thebomberstore.com/cowbell.html","https://cdn.shoplightspeed.com/shops/629769/files/21008589/500x350x2/ricart-holdings-ltd-cowbell.jpg","https://cdn.shoplightspeed.com/shops/629769/files/21008589/image.jpg","Cowbell","https://www.thebomberstore.com/account/wishlistAdd/24597567/?variant_id=41014244","C$14.99","https://www.thebomberstore.com/service/shipping-returns/","(C$14.99 Incl. tax)"
"javascript:;","3 Pack Collectors Edition Bobblehead","has been added to your shopping cart","More info","https://www.thebomberstore.com/3-pack-collectors-edition-bobblehead.html","C$104.99","(C$104.99 Incl. tax)","Make a choice","-","+","Add to cart","javascript:;","Continue shopping","View cart","Out of stock","","","","","","","",""
"","","","","","C$104.99","(C$104.99 Incl. tax)","","","","+ Add to cart","https://www.thebomberstore.com/accessories/page2.html#product-popup-64441743","+","","","https://www.thebomberstore.com/3-pack-collectors-edition-bobblehead.html","https://cdn.shoplightspeed.com/shops/629769/files/66050966/500x350x2/3-pack-collectors-edition-bobblehead.jpg","https://cdn.shoplightspeed.com/shops/629769/files/66050966/image.jpg","3 Pack Collectors Edition Bobblehead","https://www.thebomberstore.com/account/wishlistAdd/64441743/?variant_id=107933134","C$104.99","https://www.thebomberstore.com/service/shipping-returns/","(C$104.99 Incl. tax)"
"javascript:;","Bombers Loud Cup","has been added to your shopping cart","More info","https://www.thebomberstore.com/bombers-loud-cup.html","C$34.99","(C$34.99 Incl. tax)","Make a choice","-","+","Add to cart","javascript:;","Continue shopping","View cart","Out of stock","","","","","","","",""
"","","","","","C$34.99","(C$34.99 Incl. tax)","","","","+ Add to cart","https://www.thebomberstore.com/accessories/page2.html#product-popup-62902849","+","","","https://www.thebomberstore.com/bombers-loud-cup.html","https://cdn.shoplightspeed.com/shops/629769/files/70658635/500x350x2/cc-global-bombers-loud-cup.jpg","https://cdn.shoplightspeed.com/shops/629769/files/70658635/image.jpg","Bombers Loud Cup","https://www.thebomberstore.com/account/wishlistAdd/62902849/?variant_id=105081108","C$34.99","https://www.thebomberstore.com/service/shipping-returns/","(C$34.99 Incl. tax)"
"javascript:;","Xmas Stocking","has been added to your shopping cart","More info","https://www.thebomberstore.com/stocking.html","C$10.00","(C$10.00 Incl. tax)","Make a choice","-","+","Add to cart","javascript:;","Continue shopping","View cart","Out of stock","","","","","","","",""
"","","","","","C$10.00","(C$10.00 Incl. tax)","","","","+ Add to cart","https://www.thebomberstore.com/accessories/page2.html#product-popup-43162151","+","","","https://www.thebomberstore.com/stocking.html","https://cdn.shoplightspeed.com/shops/629769/files/38361948/500x350x2/kdi-xmas-stocking.jpg","https://cdn.shoplightspeed.com/shops/629769/files/38361948/image.jpg","Xmas Stocking","https://www.thebomberstore.com/account/wishlistAdd/43162151/?variant_id=70881236","C$10.00","https://www.thebomberstore.com/service/shipping-returns/","(C$10.00 Incl. tax)"
"javascript:;","Reversible Pillow Cases","has been added to your shopping cart","More info","https://www.thebomberstore.com/wbb-wake-surf-boards.html","C$14.99","(C$14.99 Incl. tax)","Make a choice","-","+","Add to cart","javascript:;","Continue shopping","View cart","Out of stock","","","","","","","",""
"","","","","","C$14.99","(C$14.99 Incl. tax)","","","","+ Add to cart","https://www.thebomberstore.com/accessories/page2.html#product-popup-67520203","+","","","https://www.thebomberstore.com/wbb-wake-surf-boards.html","https://cdn.shoplightspeed.com/shops/629769/files/71772233/500x350x2/nemcore-reversible-pillow-cases.jpg","https://cdn.shoplightspeed.com/shops/629769/files/71772233/image.jpg","Reversible Pillow Cases","https://www.thebomberstore.com/account/wishlistAdd/67520203/?variant_id=113479868","C$14.99","https://www.thebomberstore.com/service/shipping-returns/","(C$14.99 Incl. tax)"
"javascript:;","Logo Pattern Apron","has been added to your shopping cart","More info","https://www.thebomberstore.com/logo-pattern-apron.html","C$25.99","(C$25.99 Incl. tax)","Make a choice","-","+","Add to cart","javascript:;","Continue shopping","View cart","Out of stock","","","","","","","",""
"","","","","","C$25.99","(C$25.99 Incl. tax)","","","","+ Add to cart","https://www.thebomberstore.com/accessories/page2.html#product-popup-67240629","+","","","https://www.thebomberstore.com/logo-pattern-apron.html","https://cdn.shoplightspeed.com/shops/629769/files/70643590/500x350x2/kdi-logo-pattern-apron.jpg","https://cdn.shoplightspeed.com/shops/629769/files/70643590/image.jpg","Logo Pattern Apron","https://www.thebomberstore.com/account/wishlistAdd/67240629/?variant_id=113004730","C$25.99","https://www.thebomberstore.com/service/shipping-returns/","(C$25.99 Incl. tax)"
"javascript:;","Buzz Mascot Clinger Plush","has been added to your shopping cart","More info","https://www.thebomberstore.com/buzz-mascot-clinger-plush.html","C$44.99","(C$44.99 Incl. tax)","Make a choice","-","+","Add to cart","javascript:;","Continue shopping","View cart","Out of stock","","","","","","","",""
"","","","","","C$44.99","(C$44.99 Incl. tax)","","","","+ Add to cart","https://www.thebomberstore.com/accessories/page2.html#product-popup-66640180","+","","","https://www.thebomberstore.com/buzz-mascot-clinger-plush.html","https://cdn.shoplightspeed.com/shops/629769/files/69582824/500x350x2/kdi-buzz-mascot-clinger-plush.jpg","https://cdn.shoplightspeed.com/shops/629769/files/69582824/image.jpg","Buzz Mascot Clinger Plush","https://www.thebomberstore.com/account/wishlistAdd/66640180/?variant_id=111935656","C$44.99","https://www.thebomberstore.com/service/shipping-returns/","(C$44.99 Incl. tax)"
"javascript:;","2 pack Car Decal","has been added to your shopping cart","More info","https://www.thebomberstore.com/2-pack-car-decal.html","C$7.99","(C$7.99 Incl. tax)","Make a choice","-","+","Add to cart","javascript:;","Continue shopping","View cart","Out of stock","","","","","","","",""
"","","","","","C$7.99","(C$7.99 Incl. tax)","","","","+ Add to cart","https://www.thebomberstore.com/accessories/page2.html#product-popup-66269485","+","","","https://www.thebomberstore.com/2-pack-car-decal.html","https://cdn.shoplightspeed.com/shops/629769/files/69437078/500x350x2/2-pack-car-decal.jpg","https://cdn.shoplightspeed.com/shops/629769/files/69437078/image.jpg","2 pack Car Decal","https://www.thebomberstore.com/account/wishlistAdd/66269485/?variant_id=111238866","C$7.99","https://www.thebomberstore.com/service/shipping-returns/","(C$7.99 Incl. tax)"
"javascript:;","Jefferson Collectors Edition Bobblehead","has been added to your shopping cart","More info","https://www.thebomberstore.com/jefferson-collectors-edition-bobblehead.html","C$39.99","(C$39.99 Incl. tax)","Make a choice","-","+","Add to cart","javascript:;","Continue shopping","View cart","Out of stock","","","","","","","",""
"","","","","","C$39.99","(C$39.99 Incl. tax)","","","","+ Add to cart","https://www.thebomberstore.com/accessories/page3.html#product-popup-63363789","+","","","https://www.thebomberstore.com/jefferson-collectors-edition-bobblehead.html","https://cdn.shoplightspeed.com/shops/629769/files/66050743/500x350x2/done-deal-promotions-jefferson-collectors-edition.jpg","https://cdn.shoplightspeed.com/shops/629769/files/66050743/image.jpg","Jefferson Collectors Edition Bobblehead","https://www.thebomberstore.com/account/wishlistAdd/63363789/?variant_id=105893250","C$39.99","https://www.thebomberstore.com/service/shipping-returns/","(C$39.99 Incl. tax)"
"javascript:;","Car Seat Cover","has been added to your shopping cart","More info","https://www.thebomberstore.com/copy-of-slow-feeder-football-bowl.html","C$59.99","(C$59.99 Incl. tax)","Make a choice","-","+","Add to cart","javascript:;","Continue shopping","View cart","Out of stock","","","","","","","",""
"","","","","","C$59.99","(C$59.99 Incl. tax)","","","","+ Add to cart","https://www.thebomberstore.com/accessories/page3.html#product-popup-63511769","+","","","https://www.thebomberstore.com/copy-of-slow-feeder-football-bowl.html","https://cdn.shoplightspeed.com/shops/629769/files/66682456/500x350x2/pets-first-car-seat-cover.jpg","https://cdn.shoplightspeed.com/shops/629769/files/66682456/image.jpg","Car Seat Cover","https://www.thebomberstore.com/account/wishlistAdd/63511769/?variant_id=106159382","C$59.99","https://www.thebomberstore.com/service/shipping-returns/","(C$59.99 Incl. tax)"
"javascript:;","Royal Wraparound JR Football","has been added to your shopping cart","More info","https://www.thebomberstore.com/royal-wraparound-jr-football.html","C$34.99","(C$34.99 Incl. tax)","Make a choice","-","+","Add to cart","javascript:;","Continue shopping","View cart","Out of stock","","","","","","","",""
"","","","","","C$34.99","(C$34.99 Incl. tax)","","","","+ Add to cart","https://www.thebomberstore.com/accessories/page3.html#product-popup-24648557","+","","","https://www.thebomberstore.com/royal-wraparound-jr-football.html","https://cdn.shoplightspeed.com/shops/629769/files/34583397/500x350x2/wilson-royal-wraparound-jr-football.jpg","https://cdn.shoplightspeed.com/shops/629769/files/34583397/image.jpg","Royal Wraparound JR Football","https://www.thebomberstore.com/account/wishlistAdd/24648557/?variant_id=41098022","C$34.99","https://www.thebomberstore.com/service/shipping-returns/","(C$34.99 Incl. tax)"
"javascript:;","Royal with Gold and White Stripe Luggage","has been added to your shopping cart","More info","https://www.thebomberstore.com/royal-with-gold-and-white-suitcase-stripe.html","C$265.00","(C$265.00 Incl. tax)","Make a choice","-","+","Add to cart","javascript:;","Continue shopping","View cart","Out of stock","","","","","","","",""
"","","","","","C$265.00","(C$265.00 Incl. tax)","","","","+ Add to cart","https://www.thebomberstore.com/accessories/page3.html#product-popup-65849230","+","","","https://www.thebomberstore.com/royal-with-gold-and-white-suitcase-stripe.html","https://cdn.shoplightspeed.com/shops/629769/files/68265469/500x350x2/branded-luggage-co-royal-with-gold-and-white-strip.jpg","https://cdn.shoplightspeed.com/shops/629769/files/68265469/image.jpg","Royal with Gold and White Stripe Luggage","https://www.thebomberstore.com/account/wishlistAdd/65849230/?variant_id=110462691","C$265.00","https://www.thebomberstore.com/service/shipping-returns/","(C$265.00 Incl. tax)"
"javascript:;","Blue Bombers Golf Bag","has been added to your shopping cart","More info","https://www.thebomberstore.com/4-bighill-home-jersey-2xl.html","C$249.99","(C$249.99 Incl. tax)","Make a choice","-","+","Add to cart","javascript:;","Continue shopping","View cart","Out of stock","","","","","","","",""
"","","","","","C$249.99","(C$249.99 Incl. tax)","","","","+ Add to cart","https://www.thebomberstore.com/accessories/page3.html#product-popup-61830480","+","","","https://www.thebomberstore.com/4-bighill-home-jersey-2xl.html","https://cdn.shoplightspeed.com/shops/629769/files/63862251/500x350x2/girton-innovative-apparel-blue-bombers-golf-bag.jpg","https://cdn.shoplightspeed.com/shops/629769/files/63862251/image.jpg","Blue Bombers Golf Bag","https://www.thebomberstore.com/account/wishlistAdd/61830480/?variant_id=103097268","C$249.99","https://www.thebomberstore.com/service/shipping-returns/","(C$249.99 Incl. tax)"
"javascript:;","Bombers Royal BBQ Cover","has been added to your shopping cart","More info","https://www.thebomberstore.com/bombers-royal-bbq-cover.html","C$119.99","(C$119.99 Incl. tax)","Make a choice","-","+","Add to cart","javascript:;","Continue shopping","View cart","Out of stock","","","","","","","",""
"","","","","","C$119.99","(C$119.99 Incl. tax)","","","","+ Add to cart","https://www.thebomberstore.com/accessories/page3.html#product-popup-62481024","+","","","https://www.thebomberstore.com/bombers-royal-bbq-cover.html","https://cdn.shoplightspeed.com/shops/629769/files/68775616/500x350x2/bombers-royal-bbq-cover.jpg","https://cdn.shoplightspeed.com/shops/629769/files/68775616/image.jpg","Bombers Royal BBQ Cover","https://www.thebomberstore.com/account/wishlistAdd/62481024/?variant_id=104310888","C$119.99","https://www.thebomberstore.com/service/shipping-returns/","(C$119.99 Incl. tax)"
"javascript:;","10"" Plush Gnome With Football","has been added to your shopping cart","More info","https://www.thebomberstore.com/4her-key-move-black-tee-s.html","C$24.99","(C$24.99 Incl. tax)","Make a choice","-","+","Add to cart","javascript:;","Continue shopping","View cart","Out of stock","","","","","","","",""
"","","","","","C$24.99","(C$24.99 Incl. tax)","","","","+ Add to cart","https://www.thebomberstore.com/accessories/page3.html#product-popup-61575246","+","","","https://www.thebomberstore.com/4her-key-move-black-tee-s.html","https://cdn.shoplightspeed.com/shops/629769/files/63993905/500x350x2/kdi-10-plush-gnome-with-football.jpg","https://cdn.shoplightspeed.com/shops/629769/files/63993905/image.jpg","10"" Plush Gnome With Football","https://www.thebomberstore.com/account/wishlistAdd/61575246/?variant_id=102620848","C$24.99","https://www.thebomberstore.com/service/shipping-returns/","(C$24.99 Incl. tax)"
"javascript:;","Primary W Pet Puffer Vest","has been added to your shopping cart","More info","https://www.thebomberstore.com/primary-w-pet-puffer-vest.html","C$35.00","(C$35.00 Incl. tax)","Make a choice","-","+","Add to cart","javascript:;","Continue shopping","View cart","Out of stock","","","","","","","",""
"","","","","","C$35.00","(C$35.00 Incl. tax)","","","","+ Add to cart","https://www.thebomberstore.com/accessories/page3.html#product-popup-56456738","+","","","https://www.thebomberstore.com/primary-w-pet-puffer-vest.html","https://cdn.shoplightspeed.com/shops/629769/files/57259248/500x350x2/pets-first-primary-w-pet-puffer-vest.jpg","https://cdn.shoplightspeed.com/shops/629769/files/57259248/image.jpg","Primary W Pet Puffer Vest","https://www.thebomberstore.com/account/wishlistAdd/56456738/?variant_id=93359018","C$35.00","https://www.thebomberstore.com/service/shipping-returns/","(C$35.00 Incl. tax)"
"javascript:;","Men's 4 Ankle Socks Box Set","has been added to your shopping cart","More info","https://www.thebomberstore.com/mens-4-pack-ankle-socks.html","C$24.99","(C$24.99 Incl. tax)","Make a choice","-","+","Add to cart","javascript:;","Continue shopping","View cart","Out of stock","","","","","","","",""
"","","","","","C$24.99","(C$24.99 Incl. tax)","","","","+ Add to cart","https://www.thebomberstore.com/accessories/page3.html#product-popup-47074258","+","","","https://www.thebomberstore.com/mens-4-pack-ankle-socks.html","https://cdn.shoplightspeed.com/shops/629769/files/47140389/500x350x2/gertex-mens-4-ankle-socks-box-set.jpg","https://cdn.shoplightspeed.com/shops/629769/files/47140389/image.jpg","Men's 4 Ankle Socks Box Set","https://www.thebomberstore.com/account/wishlistAdd/47074258/?variant_id=77234569","C$24.99","https://www.thebomberstore.com/service/shipping-returns/","(C$24.99 Incl. tax)"
"javascript:;","Property of WBB Pet Tee","has been added to your shopping cart","More info","https://www.thebomberstore.com/property-of-wbb-pet-tee.html","C$28.00","(C$28.00 Incl. tax)","Make a choice","-","+","Add to cart","javascript:;","Continue shopping","View cart","Out of stock","","","","","","","",""
"","","","","","C$28.00","(C$28.00 Incl. tax)","","","","+ Add to cart","https://www.thebomberstore.com/accessories/page3.html#product-popup-56456065","+","","","https://www.thebomberstore.com/property-of-wbb-pet-tee.html","https://cdn.shoplightspeed.com/shops/629769/files/56652390/500x350x2/pets-first-property-of-wbb-pet-tee.jpg","https://cdn.shoplightspeed.com/shops/629769/files/56652390/image.jpg","Property of WBB Pet Tee","https://www.thebomberstore.com/account/wishlistAdd/56456065/?variant_id=93357811","C$28.00","https://www.thebomberstore.com/service/shipping-returns/","(C$28.00 Incl. tax)"
"javascript:;","Foam Football Keychain","has been added to your shopping cart","More info","https://www.thebomberstore.com/copy-of-wave-runner-grip-it.html","C$5.99","(C$5.99 Incl. tax)","Make a choice","-","+","Add to cart","javascript:;","Continue shopping","View cart","Out of stock","","","","","","","",""
"","","","","","C$5.99","(C$5.99 Incl. tax)","","","","+ Add to cart","https://www.thebomberstore.com/accessories/page3.html#product-popup-65557378","+","","","https://www.thebomberstore.com/copy-of-wave-runner-grip-it.html","https://cdn.shoplightspeed.com/shops/629769/files/68775753/500x350x2/flash-sales-foam-football-keychain.jpg","https://cdn.shoplightspeed.com/shops/629769/files/68775753/image.jpg","Foam Football Keychain","https://www.thebomberstore.com/account/wishlistAdd/65557378/?variant_id=109960493","C$5.99","https://www.thebomberstore.com/service/shipping-returns/","(C$5.99 Incl. tax)"
"javascript:;","For the W Football Fan Chain","has been added to your shopping cart","More info","https://www.thebomberstore.com/for-the-w-football-fan-chain.html","C$40.00","(C$40.00 Incl. tax)","Make a choice","-","+","Add to cart","javascript:;","Continue shopping","View cart","Out of stock","","","","","","","",""
"","","","","","C$40.00","(C$40.00 Incl. tax)","","","","+ Add to cart","https://www.thebomberstore.com/accessories/page3.html#product-popup-58647619","+","","","https://www.thebomberstore.com/for-the-w-football-fan-chain.html","https://cdn.shoplightspeed.com/shops/629769/files/57082933/500x350x2/fanfave-for-the-w-football-fan-chain.jpg","https://cdn.shoplightspeed.com/shops/629769/files/57082933/image.jpg","For the W Football Fan Chain","https://www.thebomberstore.com/account/wishlistAdd/58647619/?variant_id=97302342","C$40.00","https://www.thebomberstore.com/service/shipping-returns/","(C$40.00 Incl. tax)"
"javascript:;","The Small Duffel w/ Primary W","has been added to your shopping cart","More info","https://www.thebomberstore.com/the-small-duffel-w-primary-w.html","C$74.99","(C$74.99 Incl. tax)","Make a choice","-","+","Add to cart","javascript:;","Continue shopping","View cart","Out of stock","","","","","","","",""
"","","","","","C$74.99","(C$74.99 Incl. tax)","","","","+ Add to cart","https://www.thebomberstore.com/accessories/page4.html#product-popup-48592952","+","","","https://www.thebomberstore.com/the-small-duffel-w-primary-w.html","https://cdn.shoplightspeed.com/shops/629769/files/45812797/500x350x2/new-era-the-small-duffel-w-primary-w.jpg","https://cdn.shoplightspeed.com/shops/629769/files/45812797/image.jpg","The Small Duffel w/ Primary W","https://www.thebomberstore.com/account/wishlistAdd/48592952/?variant_id=79766568","C$74.99","https://www.thebomberstore.com/service/shipping-returns/","(C$74.99 Incl. tax)"
"javascript:;","Plush Football","has been added to your shopping cart","More info","https://www.thebomberstore.com/royal-mini-plush-football.html","C$6.99","(C$6.99 Incl. tax)","Make a choice","-","+","Add to cart","javascript:;","Continue shopping","View cart","Out of stock","","","","","","","",""
"","","","","","C$6.99","(C$6.99 Incl. tax)","","","","+ Add to cart","https://www.thebomberstore.com/accessories/page4.html#product-popup-24599438","+","","","https://www.thebomberstore.com/royal-mini-plush-football.html","https://cdn.shoplightspeed.com/shops/629769/files/71822858/500x350x2/plush-football.jpg","https://cdn.shoplightspeed.com/shops/629769/files/71822858/image.jpg","Plush Football","https://www.thebomberstore.com/account/wishlistAdd/24599438/?variant_id=41017607","C$6.99","https://www.thebomberstore.com/service/shipping-returns/","(C$6.99 Incl. tax)"
"javascript:;","BBQ Chef Fan Gnome","has been added to your shopping cart","More info","https://www.thebomberstore.com/bbq-chef-fan-gnome.html","C$49.99","(C$49.99 Incl. tax)","Make a choice","-","+","Add to cart","javascript:;","Continue shopping","View cart","Out of stock","","","","","","","",""
"","","","","","C$49.99","(C$49.99 Incl. tax)","","","","+ Add to cart","https://www.thebomberstore.com/accessories/page4.html#product-popup-66654450","+","","","https://www.thebomberstore.com/bbq-chef-fan-gnome.html","https://cdn.shoplightspeed.com/shops/629769/files/69607231/500x350x2/kdi-bbq-chef-fan-gnome.jpg","https://cdn.shoplightspeed.com/shops/629769/files/69607231/image.jpg","BBQ Chef Fan Gnome","https://www.thebomberstore.com/account/wishlistAdd/66654450/?variant_id=111964915","C$49.99","https://www.thebomberstore.com/service/shipping-returns/","(C$49.99 Incl. tax)"
"javascript:;","NE SL Stade Grey Backpack","has been added to your shopping cart","More info","https://www.thebomberstore.com/copy-of-ne-youth-collaros-8-royal-tee-m.html","C$36.99","(C$36.99 Incl. tax)","Make a choice","-","+","Add to cart","javascript:;","Continue shopping","View cart","Out of stock","","","","","","","",""
"","","","","","C$36.99","(C$36.99 Incl. tax)","","","","+ Add to cart","https://www.thebomberstore.com/accessories/page4.html#product-popup-66020217","+","","","https://www.thebomberstore.com/copy-of-ne-youth-collaros-8-royal-tee-m.html","https://cdn.shoplightspeed.com/shops/629769/files/70658643/500x350x2/new-era-ne-sl-stade-grey-backpack.jpg","https://cdn.shoplightspeed.com/shops/629769/files/70658643/image.jpg","NE SL Stade Grey Backpack","https://www.thebomberstore.com/account/wishlistAdd/66020217/?variant_id=110768994","C$36.99","https://www.thebomberstore.com/service/shipping-returns/","(C$36.99 Incl. tax)"
"javascript:;","WBB Tableware Set","has been added to your shopping cart","More info","https://www.thebomberstore.com/wbb-tableware-set.html","C$29.99","(C$29.99 Incl. tax)","Make a choice","-","+","Add to cart","javascript:;","Continue shopping","View cart","Out of stock","","","","","","","",""
"","","","","","C$29.99","(C$29.99 Incl. tax)","","","","+ Add to cart","https://www.thebomberstore.com/accessories/page4.html#product-popup-63316409","+","","","https://www.thebomberstore.com/wbb-tableware-set.html","https://cdn.shoplightspeed.com/shops/629769/files/64616414/500x350x2/gertex-wbb-tableware-set.jpg","https://cdn.shoplightspeed.com/shops/629769/files/64616414/image.jpg","WBB Tableware Set","https://www.thebomberstore.com/account/wishlistAdd/63316409/?variant_id=105808278","C$29.99","https://www.thebomberstore.com/service/shipping-returns/","(C$29.99 Incl. tax)"
"javascript:;","Helmet Logo Royal Fan Chain","has been added to your shopping cart","More info","https://www.thebomberstore.com/copy-of-fan-gold-chain-with-primary-w-62988962.html","C$40.00","(C$40.00 Incl. tax)","Make a choice","-","+","Add to cart","javascript:;","Continue shopping","View cart","Out of stock","","","","","","","",""
"","","","","","C$40.00","(C$40.00 Incl. tax)","","","","+ Add to cart","https://www.thebomberstore.com/accessories/page4.html#product-popup-62988962","+","","","https://www.thebomberstore.com/copy-of-fan-gold-chain-with-primary-w-62988962.html","https://cdn.shoplightspeed.com/shops/629769/files/63995046/500x350x2/fanfave-helmet-logo-royal-fan-chain.jpg","https://cdn.shoplightspeed.com/shops/629769/files/63995046/image.jpg","Helmet Logo Royal Fan Chain","https://www.thebomberstore.com/account/wishlistAdd/62988962/?variant_id=105219534","C$40.00","https://www.thebomberstore.com/service/shipping-returns/","(C$40.00 Incl. tax)"
"javascript:;","4Pk Bartender Set","has been added to your shopping cart","More info","https://www.thebomberstore.com/4pk-bartender-set.html","C$64.99","(C$64.99 Incl. tax)","Make a choice","-","+","Add to cart","javascript:;","Continue shopping","View cart","Out of stock","","","","","","","",""
"","","","","","C$64.99","(C$64.99 Incl. tax)","","","","+ Add to cart","https://www.thebomberstore.com/accessories/page4.html#product-popup-58822961","+","","","https://www.thebomberstore.com/4pk-bartender-set.html","https://cdn.shoplightspeed.com/shops/629769/files/60023672/500x350x2/the-sports-vault-4pk-bartender-set.jpg","https://cdn.shoplightspeed.com/shops/629769/files/60023672/image.jpg","4Pk Bartender Set","https://www.thebomberstore.com/account/wishlistAdd/58822961/?variant_id=97625323","C$64.99","https://www.thebomberstore.com/service/shipping-returns/","(C$64.99 Incl. tax)"
"javascript:;","Satin Dog Collar","has been added to your shopping cart","More info","https://www.thebomberstore.com/satin-dog-collar.html","C$20.00","(C$20.00 Incl. tax)","Make a choice","-","+","Add to cart","javascript:;","Continue shopping","View cart","Out of stock","","","","","","","",""
"","","","","","C$20.00","(C$20.00 Incl. tax)","","","","+ Add to cart","https://www.thebomberstore.com/accessories/page4.html#product-popup-56457858","+","","","https://www.thebomberstore.com/satin-dog-collar.html","https://cdn.shoplightspeed.com/shops/629769/files/56652534/500x350x2/pets-first-satin-dog-collar.jpg","https://cdn.shoplightspeed.com/shops/629769/files/56652534/image.jpg","Satin Dog Collar","https://www.thebomberstore.com/account/wishlistAdd/56457858/?variant_id=93361798","C$20.00","https://www.thebomberstore.com/service/shipping-returns/","(C$20.00 Incl. tax)"
"javascript:;","Mini Foam Football","has been added to your shopping cart","More info","https://www.thebomberstore.com/copy-of-wave-runner-grip-it-65557426.html","C$8.99","(C$8.99 Incl. tax)","Make a choice","-","+","Add to cart","javascript:;","Continue shopping","View cart","Out of stock","","","","","","","",""
"","","","","","C$8.99","(C$8.99 Incl. tax)","","","","+ Add to cart","https://www.thebomberstore.com/accessories/page4.html#product-popup-65557426","+","","","https://www.thebomberstore.com/copy-of-wave-runner-grip-it-65557426.html","https://cdn.shoplightspeed.com/shops/629769/files/68775768/500x350x2/flash-sales-mini-foam-football.jpg","https://cdn.shoplightspeed.com/shops/629769/files/68775768/image.jpg","Mini Foam Football","https://www.thebomberstore.com/account/wishlistAdd/65557426/?variant_id=109960583","C$8.99","https://www.thebomberstore.com/service/shipping-returns/","(C$8.99 Incl. tax)"
"javascript:;","Cropped Primary W Backpack","has been added to your shopping cart","More info","https://www.thebomberstore.com/cropped-primary-w-backpack.html","C$34.99","(C$34.99 Incl. tax)","Make a choice","-","+","Add to cart","javascript:;","Continue shopping","View cart","Out of stock","","","","","","","",""
"","","","","","C$34.99","(C$34.99 Incl. tax)","","","","+ Add to cart","https://www.thebomberstore.com/accessories/page4.html#product-popup-56407516","+","","","https://www.thebomberstore.com/cropped-primary-w-backpack.html","https://cdn.shoplightspeed.com/shops/629769/files/69435772/500x350x2/kdi-cropped-primary-w-backpack.jpg","https://cdn.shoplightspeed.com/shops/629769/files/69435772/image.jpg","Cropped Primary W Backpack","https://www.thebomberstore.com/account/wishlistAdd/56407516/?variant_id=93279859","C$34.99","https://www.thebomberstore.com/service/shipping-returns/","(C$34.99 Incl. tax)"
"javascript:;","The Stadium Pack With Tie Dye W","has been added to your shopping cart","More info","https://www.thebomberstore.com/the-stadium-pack-with-tie-dye-w.html","C$30.00","(C$30.00 Incl. tax)","Make a choice","-","+","Add to cart","javascript:;","Continue shopping","View cart","Out of stock","","","","","","","",""
"","","","","","C$30.00","(C$30.00 Incl. tax)","","","","+ Add to cart","https://www.thebomberstore.com/accessories/page4.html#product-popup-48591826","+","","","https://www.thebomberstore.com/the-stadium-pack-with-tie-dye-w.html","https://cdn.shoplightspeed.com/shops/629769/files/46064146/500x350x2/new-era-the-stadium-pack-with-tie-dye-w.jpg","https://cdn.shoplightspeed.com/shops/629769/files/46064146/image.jpg","The Stadium Pack With Tie Dye W","https://www.thebomberstore.com/account/wishlistAdd/48591826/?variant_id=79763992","C$30.00","https://www.thebomberstore.com/service/shipping-returns/","(C$30.00 Incl. tax)"
"javascript:;","Player Self Adhesive Colouring Wall Decal","has been added to your shopping cart","More info","https://www.thebomberstore.com/player-self-adhesive-colouring-wall-decal.html","C$18.99","(C$18.99 Incl. tax)","Make a choice","-","+","Add to cart","javascript:;","Continue shopping","View cart","Out of stock","","","","","","","",""
"","","","","","C$18.99","(C$18.99 Incl. tax)","","","","+ Add to cart","https://www.thebomberstore.com/accessories/page4.html#product-popup-31267623","+","","","https://www.thebomberstore.com/player-self-adhesive-colouring-wall-decal.html","https://cdn.shoplightspeed.com/shops/629769/files/23570149/500x350x2/blue-bombers-brand-player-self-adhesive-colouring.jpg","https://cdn.shoplightspeed.com/shops/629769/files/23570149/image.jpg","Player Self Adhesive Colouring Wall Decal","https://www.thebomberstore.com/account/wishlistAdd/31267623/?variant_id=51531363","C$18.99","https://www.thebomberstore.com/service/shipping-returns/","(C$18.99 Incl. tax)"
"javascript:;","Big Tin Golf Set","has been added to your shopping cart","More info","https://www.thebomberstore.com/copy-of-tube-of-3-w-on-royal-golf-balls.html","C$44.99","(C$44.99 Incl. tax)","Make a choice","-","+","Add to cart","javascript:;","Continue shopping","View cart","Out of stock","","","","","","","",""
"","","","","","C$44.99","(C$44.99 Incl. tax)","","","","+ Add to cart","https://www.thebomberstore.com/accessories/page5.html#product-popup-66588000","+","","","https://www.thebomberstore.com/copy-of-tube-of-3-w-on-royal-golf-balls.html","https://cdn.shoplightspeed.com/shops/629769/files/69604707/500x350x2/caddy-pro-big-tin-golf-set.jpg","https://cdn.shoplightspeed.com/shops/629769/files/69604707/image.jpg","Big Tin Golf Set","https://www.thebomberstore.com/account/wishlistAdd/66588000/?variant_id=111831765","C$44.99","https://www.thebomberstore.com/service/shipping-returns/","(C$44.99 Incl. tax)"
"javascript:;","Tube of 3 W on White Golf Balls","has been added to your shopping cart","More info","https://www.thebomberstore.com/tube-of-3-w-on-white-golf-balls.html","C$16.99","(C$16.99 Incl. tax)","Make a choice","-","+","Add to cart","javascript:;","Continue shopping","View cart","Out of stock","","","","","","","",""
"","","","","","C$16.99","(C$16.99 Incl. tax)","","","","+ Add to cart","https://www.thebomberstore.com/accessories/page5.html#product-popup-66587966","+","","","https://www.thebomberstore.com/tube-of-3-w-on-white-golf-balls.html","https://cdn.shoplightspeed.com/shops/629769/files/69604657/500x350x2/caddy-pro-tube-of-3-w-on-white-golf-balls.jpg","https://cdn.shoplightspeed.com/shops/629769/files/69604657/image.jpg","Tube of 3 W on White Golf Balls","https://www.thebomberstore.com/account/wishlistAdd/66587966/?variant_id=111831682","C$16.99","https://www.thebomberstore.com/service/shipping-returns/","(C$16.99 Incl. tax)"
"javascript:;","WBB Clutch/Make Up Bag","has been added to your shopping cart","More info","https://www.thebomberstore.com/wbb-make-up-bag.html","C$24.99","(C$24.99 Incl. tax)","Make a choice","-","+","Add to cart","javascript:;","Continue shopping","View cart","Out of stock","","","","","","","",""
"","","","","","C$24.99","(C$24.99 Incl. tax)","","","","+ Add to cart","https://www.thebomberstore.com/accessories/page5.html#product-popup-63316436","+","","","https://www.thebomberstore.com/wbb-make-up-bag.html","https://cdn.shoplightspeed.com/shops/629769/files/64616369/500x350x2/gertex-wbb-clutch-make-up-bag.jpg","https://cdn.shoplightspeed.com/shops/629769/files/64616369/image.jpg","WBB Clutch/Make Up Bag","https://www.thebomberstore.com/account/wishlistAdd/63316436/?variant_id=105808348","C$24.99","https://www.thebomberstore.com/service/shipping-returns/","(C$24.99 Incl. tax)"
"javascript:;","W Stripe Napkin Holder","has been added to your shopping cart","More info","https://www.thebomberstore.com/w-stripe-napkin-holder.html","C$19.99","(C$19.99 Incl. tax)","Make a choice","-","+","Add to cart","javascript:;","Continue shopping","View cart","Out of stock","","","","","","","",""
"","","","","","C$19.99","(C$19.99 Incl. tax)","","","","+ Add to cart","https://www.thebomberstore.com/accessories/page5.html#product-popup-67244860","+","","","https://www.thebomberstore.com/w-stripe-napkin-holder.html","https://cdn.shoplightspeed.com/shops/629769/files/70659174/500x350x2/kdi-w-stripe-napkin-holder.jpg","https://cdn.shoplightspeed.com/shops/629769/files/70659174/image.jpg","W Stripe Napkin Holder","https://www.thebomberstore.com/account/wishlistAdd/67244860/?variant_id=113012643","C$19.99","https://www.thebomberstore.com/service/shipping-returns/","(C$19.99 Incl. tax)"
"javascript:;","WBB Wake Surf Boards","has been added to your shopping cart","More info","https://www.thebomberstore.com/lw-womens-tulip-black-tee.html","C$999.99","(C$999.99 Incl. tax)","Make a choice","-","+","Add to cart","javascript:;","Continue shopping","View cart","Out of stock","","","","","","","",""
"","","","","","C$999.99","(C$999.99 Incl. tax)","","","","+ Add to cart","https://www.thebomberstore.com/accessories/page5.html#product-popup-66178335","+","","","https://www.thebomberstore.com/lw-womens-tulip-black-tee.html","https://cdn.shoplightspeed.com/shops/629769/files/71104106/500x350x2/kailani-outdoors-wbb-wake-surf-boards.jpg","https://cdn.shoplightspeed.com/shops/629769/files/71104106/image.jpg","WBB Wake Surf Boards","https://www.thebomberstore.com/account/wishlistAdd/66178335/?variant_id=111073441","C$999.99","https://www.thebomberstore.com/service/shipping-returns/","(C$999.99 Incl. tax)"
"javascript:;","Wave Runner Grip It Football","has been added to your shopping cart","More info","https://www.thebomberstore.com/wave-runner-grip-it.html","C$21.99","(C$21.99 Incl. tax)","Make a choice","-","+","Add to cart","javascript:;","Continue shopping","View cart","Out of stock","","","","","","","",""
"","","","","","C$21.99","(C$21.99 Incl. tax)","","","","+ Add to cart","https://www.thebomberstore.com/accessories/page5.html#product-popup-65557375","+","","","https://www.thebomberstore.com/wave-runner-grip-it.html","https://cdn.shoplightspeed.com/shops/629769/files/68775739/500x350x2/flash-sales-wave-runner-grip-it-football.jpg","https://cdn.shoplightspeed.com/shops/629769/files/68775739/image.jpg","Wave Runner Grip It Football","https://www.thebomberstore.com/account/wishlistAdd/65557375/?variant_id=109960488","C$21.99","https://www.thebomberstore.com/service/shipping-returns/","(C$21.99 Incl. tax)"
"javascript:;","Bighill Collectors Edition Bobblehead","has been added to your shopping cart","More info","https://www.thebomberstore.com/copy-of-jefferson-collectors-edition-bobblehead.html","C$39.99","(C$39.99 Incl. tax)","Make a choice","-","+","Add to cart","javascript:;","Continue shopping","View cart","Out of stock","","","","","","","",""
"","","","","","C$39.99","(C$39.99 Incl. tax)","","","","+ Add to cart","https://www.thebomberstore.com/accessories/page5.html#product-popup-63363792","+","","","https://www.thebomberstore.com/copy-of-jefferson-collectors-edition-bobblehead.html","https://cdn.shoplightspeed.com/shops/629769/files/66050893/500x350x2/done-deal-promotions-bighill-collectors-edition-bo.jpg","https://cdn.shoplightspeed.com/shops/629769/files/66050893/image.jpg","Bighill Collectors Edition Bobblehead","https://www.thebomberstore.com/account/wishlistAdd/63363792/?variant_id=105893257","C$39.99","https://www.thebomberstore.com/service/shipping-returns/","(C$39.99 Incl. tax)"
"javascript:;","Classic 6 Can Lunch Cooler","has been added to your shopping cart","More info","https://www.thebomberstore.com/classic-6-can-lunch-cooler.html","C$19.99","(C$19.99 Incl. tax)","Make a choice","-","+","Add to cart","javascript:;","Continue shopping","View cart","Out of stock","","","","","","","",""
"","","","","","C$19.99","(C$19.99 Incl. tax)","","","","+ Add to cart","https://www.thebomberstore.com/accessories/page5.html#product-popup-57644416","+","","","https://www.thebomberstore.com/classic-6-can-lunch-cooler.html","https://cdn.shoplightspeed.com/shops/629769/files/56723657/500x350x2/bullet-line-llc-classic-6-can-lunch-cooler.jpg","https://cdn.shoplightspeed.com/shops/629769/files/56723657/image.jpg","Classic 6 Can Lunch Cooler","https://www.thebomberstore.com/account/wishlistAdd/57644416/?variant_id=95502598","C$19.99","https://www.thebomberstore.com/service/shipping-returns/","(C$19.99 Incl. tax)"
"javascript:;","Royal 16 oz Insulated Travel Cup","has been added to your shopping cart","More info","https://www.thebomberstore.com/royal-16-oz-insulated-travel-cup.html","C$9.99","(C$9.99 Incl. tax)","Make a choice","-","+","Add to cart","javascript:;","Continue shopping","View cart","Out of stock","","","","","","","",""
"","","","","","C$9.99","(C$9.99 Incl. tax)","","","","+ Add to cart","https://www.thebomberstore.com/accessories/page5.html#product-popup-57056531","+","","","https://www.thebomberstore.com/royal-16-oz-insulated-travel-cup.html","https://cdn.shoplightspeed.com/shops/629769/files/57259232/500x350x2/royal-16-oz-insulated-travel-cup.jpg","https://cdn.shoplightspeed.com/shops/629769/files/57259232/image.jpg","Royal 16 oz Insulated Travel Cup","https://www.thebomberstore.com/account/wishlistAdd/57056531/?variant_id=94504610","C$9.99","https://www.thebomberstore.com/service/shipping-returns/","(C$9.99 Incl. tax)"
"javascript:;","Blue Bombers Playing Cards","has been added to your shopping cart","More info","https://www.thebomberstore.com/blue-bombers-playing-cards.html","C$9.99","(C$9.99 Incl. tax)","Make a choice","-","+","Add to cart","javascript:;","Continue shopping","View cart","Out of stock","","","","","","","",""
"","","","","","C$9.99","(C$9.99 Incl. tax)","","","","+ Add to cart","https://www.thebomberstore.com/accessories/page5.html#product-popup-24637362","+","","","https://www.thebomberstore.com/blue-bombers-playing-cards.html","https://cdn.shoplightspeed.com/shops/629769/files/21973212/500x350x2/the-sports-vault-blue-bombers-playing-cards.jpg","https://cdn.shoplightspeed.com/shops/629769/files/21973212/image.jpg","Blue Bombers Playing Cards","https://www.thebomberstore.com/account/wishlistAdd/24637362/?variant_id=41080463","C$9.99","https://www.thebomberstore.com/service/shipping-returns/","(C$9.99 Incl. tax)"
"javascript:;","Royal/Gold Water Squish Ball","has been added to your shopping cart","More info","https://www.thebomberstore.com/royal-gold-water-squish-ball.html","C$9.99","(C$9.99 Incl. tax)","Make a choice","-","+","Add to cart","javascript:;","Continue shopping","View cart","Out of stock","","","","","","","",""
"","","","","","C$9.99","(C$9.99 Incl. tax)","","","","+ Add to cart","https://www.thebomberstore.com/accessories/page5.html#product-popup-67834339","+","","","https://www.thebomberstore.com/royal-gold-water-squish-ball.html","https://cdn.shoplightspeed.com/shops/629769/files/71838489/500x350x2/kdi-royal-gold-water-squish-ball.jpg","https://cdn.shoplightspeed.com/shops/629769/files/71838489/image.jpg","Royal/Gold Water Squish Ball","https://www.thebomberstore.com/account/wishlistAdd/67834339/?variant_id=114084593","C$9.99","https://www.thebomberstore.com/service/shipping-returns/","(C$9.99 Incl. tax)"
"javascript:;","Helmet Shaped Pillow","has been added to your shopping cart","More info","https://www.thebomberstore.com/copy-of-padded-seat-cushion.html","C$29.99","(C$29.99 Incl. tax)","Make a choice","-","+","Add to cart","javascript:;","Continue shopping","View cart","Out of stock","","","","","","","",""
"","","","","","C$29.99","(C$29.99 Incl. tax)","","","","+ Add to cart","https://www.thebomberstore.com/accessories/page5.html#product-popup-67634351","+","","","https://www.thebomberstore.com/copy-of-padded-seat-cushion.html","https://cdn.shoplightspeed.com/shops/629769/files/71772316/500x350x2/nemcore-helmet-shaped-pillow.jpg","https://cdn.shoplightspeed.com/shops/629769/files/71772316/image.jpg","Helmet Shaped Pillow","https://www.thebomberstore.com/account/wishlistAdd/67634351/?variant_id=113694288","C$29.99","https://www.thebomberstore.com/service/shipping-returns/","(C$29.99 Incl. tax)"
"javascript:;","Logo Pattern Oven Mitt","has been added to your shopping cart","More info","https://www.thebomberstore.com/logo-pattern-oven-mitt.html","C$21.99","(C$21.99 Incl. tax)","Make a choice","-","+","Add to cart","javascript:;","Continue shopping","View cart","Out of stock","","","","","","","",""
"","","","","","C$21.99","(C$21.99 Incl. tax)","","","","+ Add to cart","https://www.thebomberstore.com/accessories/page6.html#product-popup-67240614","+","","","https://www.thebomberstore.com/logo-pattern-oven-mitt.html","https://cdn.shoplightspeed.com/shops/629769/files/70643631/500x350x2/kdi-logo-pattern-oven-mitt.jpg","https://cdn.shoplightspeed.com/shops/629769/files/70643631/image.jpg","Logo Pattern Oven Mitt","https://www.thebomberstore.com/account/wishlistAdd/67240614/?variant_id=113004700","C$21.99","https://www.thebomberstore.com/service/shipping-returns/","(C$21.99 Incl. tax)"
"javascript:;","Pride Logo primary W Fan Chain","has been added to your shopping cart","More info","https://www.thebomberstore.com/copy-of-helmet-logo-royal-fan-chain.html","C$40.00","(C$40.00 Incl. tax)","Make a choice","-","+","Add to cart","javascript:;","Continue shopping","View cart","Out of stock","","","","","","","",""
"","","","","","C$40.00","(C$40.00 Incl. tax)","","","","+ Add to cart","https://www.thebomberstore.com/accessories/page6.html#product-popup-62989400","+","","","https://www.thebomberstore.com/copy-of-helmet-logo-royal-fan-chain.html","https://cdn.shoplightspeed.com/shops/629769/files/63864361/500x350x2/fanfave-pride-logo-primary-w-fan-chain.jpg","https://cdn.shoplightspeed.com/shops/629769/files/63864361/image.jpg","Pride Logo primary W Fan Chain","https://www.thebomberstore.com/account/wishlistAdd/62989400/?variant_id=105220371","C$40.00","https://www.thebomberstore.com/service/shipping-returns/","(C$40.00 Incl. tax)"
"javascript:;","NE Skully Cap","has been added to your shopping cart","More info","https://www.thebomberstore.com/ns-skully-headband.html","C$23.00","(C$23.00 Incl. tax)","Make a choice","-","+","Add to cart","javascript:;","Continue shopping","View cart","Out of stock","","","","","","","",""
"","","","","","C$23.00","(C$23.00 Incl. tax)","","","","+ Add to cart","https://www.thebomberstore.com/accessories/page6.html#product-popup-62055306","+","","","https://www.thebomberstore.com/ns-skully-headband.html","https://cdn.shoplightspeed.com/shops/629769/files/63183626/500x350x2/new-era-ne-skully-cap.jpg","https://cdn.shoplightspeed.com/shops/629769/files/63183626/image.jpg","NE Skully Cap","https://www.thebomberstore.com/account/wishlistAdd/62055306/?variant_id=103535589","C$23.00","https://www.thebomberstore.com/service/shipping-returns/","(C$23.00 Incl. tax)"
"javascript:;","18oz Blue Executive Water Bottle","has been added to your shopping cart","More info","https://www.thebomberstore.com/18oz-blue-executive-water-bottle.html","C$45.99","(C$45.99 Incl. tax)","Make a choice","-","+","Add to cart","javascript:;","Continue shopping","View cart","Out of stock","","","","","","","",""
"","","","","","C$45.99","(C$45.99 Incl. tax)","","","","+ Add to cart","https://www.thebomberstore.com/accessories/page6.html#product-popup-58822828","+","","","https://www.thebomberstore.com/18oz-blue-executive-water-bottle.html","https://cdn.shoplightspeed.com/shops/629769/files/62076372/500x350x2/the-sports-vault-18oz-blue-executive-water-bottle.jpg","https://cdn.shoplightspeed.com/shops/629769/files/62076372/image.jpg","18oz Blue Executive Water Bottle","https://www.thebomberstore.com/account/wishlistAdd/58822828/?variant_id=97625017","C$45.99","https://www.thebomberstore.com/service/shipping-returns/","(C$45.99 Incl. tax)"
"javascript:;","Bull Bell","has been added to your shopping cart","More info","https://www.thebomberstore.com/bull-bell.html","C$24.99","(C$24.99 Incl. tax)","Make a choice","-","+","Add to cart","javascript:;","Continue shopping","View cart","Out of stock","","","","","","","",""
"","","","","","C$24.99","(C$24.99 Incl. tax)","","","","+ Add to cart","https://www.thebomberstore.com/accessories/page6.html#product-popup-24597582","+","","","https://www.thebomberstore.com/bull-bell.html","https://cdn.shoplightspeed.com/shops/629769/files/21013041/500x350x2/ricart-holdings-ltd-bull-bell.jpg","https://cdn.shoplightspeed.com/shops/629769/files/21013041/image.jpg","Bull Bell","https://www.thebomberstore.com/account/wishlistAdd/24597582/?variant_id=41014289","C$24.99","https://www.thebomberstore.com/service/shipping-returns/","(C$24.99 Incl. tax)"
"javascript:;","Logo Pattern Chef Hat","has been added to your shopping cart","More info","https://www.thebomberstore.com/logo-pattern-chef-hat.html","C$19.99","(C$19.99 Incl. tax)","Make a choice","-","+","Add to cart","javascript:;","Continue shopping","View cart","Out of stock","","","","","","","",""
"","","","","","C$19.99","(C$19.99 Incl. tax)","","","","+ Add to cart","https://www.thebomberstore.com/accessories/page6.html#product-popup-67240621","+","","","https://www.thebomberstore.com/logo-pattern-chef-hat.html","https://cdn.shoplightspeed.com/shops/629769/files/70643658/500x350x2/kdi-logo-pattern-chef-hat.jpg","https://cdn.shoplightspeed.com/shops/629769/files/70643658/image.jpg","Logo Pattern Chef Hat","https://www.thebomberstore.com/account/wishlistAdd/67240621/?variant_id=113004716","C$19.99","https://www.thebomberstore.com/service/shipping-returns/","(C$19.99 Incl. tax)"
"javascript:;","W Belt Buckle","has been added to your shopping cart","More info","https://www.thebomberstore.com/w-belt-buckle.html","C$39.99","(C$39.99 Incl. tax)","Make a choice","-","+","Add to cart","javascript:;","Continue shopping","View cart","Out of stock","","","","","","","",""
"","","","","","C$39.99","(C$39.99 Incl. tax)","","","","+ Add to cart","https://www.thebomberstore.com/accessories/page6.html#product-popup-66833136","+","","","https://www.thebomberstore.com/w-belt-buckle.html","https://cdn.shoplightspeed.com/shops/629769/files/71668233/500x350x2/sonic-branded-solutions-w-belt-buckle.jpg","https://cdn.shoplightspeed.com/shops/629769/files/71668233/image.jpg","W Belt Buckle","https://www.thebomberstore.com/account/wishlistAdd/66833136/?variant_id=112312171","C$39.99","https://www.thebomberstore.com/service/shipping-returns/","(C$39.99 Incl. tax)"
"javascript:;","NE SL Mesh Royal Backpack","has been added to your shopping cart","More info","https://www.thebomberstore.com/suitcase-2.html","C$89.99","(C$89.99 Incl. tax)","Make a choice","-","+","Add to cart","javascript:;","Continue shopping","View cart","Out of stock","","","","","","","",""
"","","","","","C$89.99","(C$89.99 Incl. tax)","","","","+ Add to cart","https://www.thebomberstore.com/accessories/page6.html#product-popup-65672892","+","","","https://www.thebomberstore.com/suitcase-2.html","https://cdn.shoplightspeed.com/shops/629769/files/70658679/500x350x2/new-era-ne-sl-mesh-royal-backpack.jpg","https://cdn.shoplightspeed.com/shops/629769/files/70658679/image.jpg","NE SL Mesh Royal Backpack","https://www.thebomberstore.com/account/wishlistAdd/65672892/?variant_id=110164513","C$89.99","https://www.thebomberstore.com/service/shipping-returns/","(C$89.99 Incl. tax)"
"javascript:;","Zueike Royal Commute Backpack","has been added to your shopping cart","More info","https://www.thebomberstore.com/zueike-royal-commute-backpack.html","C$98.50","(C$98.50 Incl. tax)","Make a choice","-","+","Add to cart","javascript:;","Continue shopping","View cart","Out of stock","","","","","","","",""
"","","","","","C$98.50","(C$98.50 Incl. tax)","","","","+ Add to cart","https://www.thebomberstore.com/accessories/page6.html#product-popup-30138184","+","","","https://www.thebomberstore.com/zueike-royal-commute-backpack.html","https://cdn.shoplightspeed.com/shops/629769/files/24648096/500x350x2/zueike-zueike-royal-commute-backpack.jpg","https://cdn.shoplightspeed.com/shops/629769/files/24648096/image.jpg","Zueike Royal Commute Backpack","https://www.thebomberstore.com/account/wishlistAdd/30138184/?variant_id=49679119","C$98.50","https://www.thebomberstore.com/service/shipping-returns/","(C$98.50 Incl. tax)"
"javascript:;","2oz Primary W Shot Glass","has been added to your shopping cart","More info","https://www.thebomberstore.com/2oz-primary-w-shot-glass.html","C$9.99","(C$9.99 Incl. tax)","Make a choice","-","+","Add to cart","javascript:;","Continue shopping","View cart","Out of stock","","","","","","","",""
"","","","","","C$9.99","(C$9.99 Incl. tax)","","","","+ Add to cart","https://www.thebomberstore.com/accessories/page6.html#product-popup-24638058","+","","","https://www.thebomberstore.com/2oz-primary-w-shot-glass.html","https://cdn.shoplightspeed.com/shops/629769/files/20867555/500x350x2/the-sports-vault-2oz-primary-w-shot-glass.jpg","https://cdn.shoplightspeed.com/shops/629769/files/20867555/image.jpg","2oz Primary W Shot Glass","https://www.thebomberstore.com/account/wishlistAdd/24638058/?variant_id=41081714","C$9.99","https://www.thebomberstore.com/service/shipping-returns/","(C$9.99 Incl. tax)"
"javascript:;","Boomer Mascot Clinger Plush","has been added to your shopping cart","More info","https://www.thebomberstore.com/boomer-mascot-clinger-plush.html","C$44.99","(C$44.99 Incl. tax)","Make a choice","-","+","Add to cart","javascript:;","Continue shopping","View cart","Out of stock","","","","","","","",""
"","","","","","C$44.99","(C$44.99 Incl. tax)","","","","+ Add to cart","https://www.thebomberstore.com/accessories/page6.html#product-popup-66640188","+","","","https://www.thebomberstore.com/boomer-mascot-clinger-plush.html","https://cdn.shoplightspeed.com/shops/629769/files/69582819/500x350x2/kdi-boomer-mascot-clinger-plush.jpg","https://cdn.shoplightspeed.com/shops/629769/files/69582819/image.jpg","Boomer Mascot Clinger Plush","https://www.thebomberstore.com/account/wishlistAdd/66640188/?variant_id=111935671","C$44.99","https://www.thebomberstore.com/service/shipping-returns/","(C$44.99 Incl. tax)"
"javascript:;","Lawler Collectors Edition Bobblehead","has been added to your shopping cart","More info","https://www.thebomberstore.com/copy-of-oliveira-collectors-edition-bobblehead.html","C$39.99","(C$39.99 Incl. tax)","Make a choice","-","+","Add to cart","javascript:;","Continue shopping","View cart","Out of stock","","","","","","","",""
"","","","","","C$39.99","(C$39.99 Incl. tax)","","","","+ Add to cart","https://www.thebomberstore.com/accessories/page6.html#product-popup-63363820","+","","","https://www.thebomberstore.com/copy-of-oliveira-collectors-edition-bobblehead.html","https://cdn.shoplightspeed.com/shops/629769/files/66050922/500x350x2/done-deal-promotions-lawler-collectors-edition-bob.jpg","https://cdn.shoplightspeed.com/shops/629769/files/66050922/image.jpg","Lawler Collectors Edition Bobblehead","https://www.thebomberstore.com/account/wishlistAdd/63363820/?variant_id=105893324","C$39.99","https://www.thebomberstore.com/service/shipping-returns/","(C$39.99 Incl. tax)"
"javascript:;","NE Essential Backpack","has been added to your shopping cart","More info","https://www.thebomberstore.com/ne-essential-backpack.html","C$69.99","(C$69.99 Incl. tax)","Make a choice","-","+","Add to cart","javascript:;","Continue shopping","View cart","Out of stock","","","","","","","",""
"","","","","","C$69.99","(C$69.99 Incl. tax)","","","","+ Add to cart","https://www.thebomberstore.com/accessories/page7.html#product-popup-62055236","+","","","https://www.thebomberstore.com/ne-essential-backpack.html","https://cdn.shoplightspeed.com/shops/629769/files/63183571/500x350x2/new-era-ne-essential-backpack.jpg","https://cdn.shoplightspeed.com/shops/629769/files/63183571/image.jpg","NE Essential Backpack","https://www.thebomberstore.com/account/wishlistAdd/62055236/?variant_id=103535434","C$69.99","https://www.thebomberstore.com/service/shipping-returns/","(C$69.99 Incl. tax)"
"javascript:;","16in Kitchen Tongs","has been added to your shopping cart","More info","https://www.thebomberstore.com/16in-kitchen-tongs.html","C$29.99","(C$29.99 Incl. tax)","Make a choice","-","+","Add to cart","javascript:;","Continue shopping","View cart","Out of stock","","","","","","","",""
"","","","","","C$29.99","(C$29.99 Incl. tax)","","","","+ Add to cart","https://www.thebomberstore.com/accessories/page7.html#product-popup-58838302","+","","","https://www.thebomberstore.com/16in-kitchen-tongs.html","https://cdn.shoplightspeed.com/shops/629769/files/62076507/500x350x2/the-sports-vault-16in-kitchen-tongs.jpg","https://cdn.shoplightspeed.com/shops/629769/files/62076507/image.jpg","16in Kitchen Tongs","https://www.thebomberstore.com/account/wishlistAdd/58838302/?variant_id=97657138","C$29.99","https://www.thebomberstore.com/service/shipping-returns/","(C$29.99 Incl. tax)"
"javascript:;","Bamboo Cutting Board","has been added to your shopping cart","More info","https://www.thebomberstore.com/bamboo-butting-board.html","C$19.99","(C$19.99 Incl. tax)","Make a choice","-","+","Add to cart","javascript:;","Continue shopping","View cart","Out of stock","","","","","","","",""
"","","","","","C$19.99","(C$19.99 Incl. tax)","","","","+ Add to cart","https://www.thebomberstore.com/accessories/page7.html#product-popup-58345456","+","","","https://www.thebomberstore.com/bamboo-butting-board.html","https://cdn.shoplightspeed.com/shops/629769/files/56723858/500x350x2/esa-bamboo-cutting-board.jpg","https://cdn.shoplightspeed.com/shops/629769/files/56723858/image.jpg","Bamboo Cutting Board","https://www.thebomberstore.com/account/wishlistAdd/58345456/?variant_id=96713953","C$19.99","https://www.thebomberstore.com/service/shipping-returns/","(C$19.99 Incl. tax)"
"javascript:;","Nylon Field Pet Tug Toy","has been added to your shopping cart","More info","https://www.thebomberstore.com/nylon-field-pet-tug-toy.html","C$18.00","(C$18.00 Incl. tax)","Make a choice","-","+","Add to cart","javascript:;","Continue shopping","View cart","Out of stock","","","","","","","",""
"","","","","","C$18.00","(C$18.00 Incl. tax)","","","","+ Add to cart","https://www.thebomberstore.com/accessories/page7.html#product-popup-56458053","+","","","https://www.thebomberstore.com/nylon-field-pet-tug-toy.html","https://cdn.shoplightspeed.com/shops/629769/files/56652872/500x350x2/pets-first-nylon-field-pet-tug-toy.jpg","https://cdn.shoplightspeed.com/shops/629769/files/56652872/image.jpg","Nylon Field Pet Tug Toy","https://www.thebomberstore.com/account/wishlistAdd/56458053/?variant_id=93362261","C$18.00","https://www.thebomberstore.com/service/shipping-returns/","(C$18.00 Incl. tax)"
"javascript:;","Mini Baby Bro Bobbles","has been added to your shopping cart","More info","https://www.thebomberstore.com/mini-baby-bro-bobbles.html","C$19.99","(C$19.99 Incl. tax)","Make a choice","-","+","Add to cart","javascript:;","Continue shopping","View cart","Out of stock","","","","","","","",""
"","","","","","C$19.99","(C$19.99 Incl. tax)","","","","+ Add to cart","https://www.thebomberstore.com/accessories/page7.html#product-popup-34005101","+","","","https://www.thebomberstore.com/mini-baby-bro-bobbles.html","https://cdn.shoplightspeed.com/shops/629769/files/26871464/500x350x2/kdi-group-inc-mini-baby-bro-bobbles.jpg","https://cdn.shoplightspeed.com/shops/629769/files/26871464/image.jpg","Mini Baby Bro Bobbles","https://www.thebomberstore.com/account/wishlistAdd/34005101/?variant_id=56061831","C$19.99","https://www.thebomberstore.com/service/shipping-returns/","(C$19.99 Incl. tax)"
"javascript:;","kicking tee","has been added to your shopping cart","More info","https://www.thebomberstore.com/kicking-tee-24597325.html","C$4.99","(C$4.99 Incl. tax)","Make a choice","-","+","Add to cart","javascript:;","Continue shopping","View cart","Out of stock","","","","","","","",""
"","","","","","C$4.99","(C$4.99 Incl. tax)","","","","+ Add to cart","https://www.thebomberstore.com/accessories/page7.html#product-popup-24597325","+","","","https://www.thebomberstore.com/kicking-tee-24597325.html","https://cdn.shoplightspeed.com/shops/629769/files/27812863/500x350x2/kicking-tee.jpg","https://cdn.shoplightspeed.com/shops/629769/files/27812863/image.jpg","kicking tee","https://www.thebomberstore.com/account/wishlistAdd/24597325/?variant_id=41013648","C$4.99","https://www.thebomberstore.com/service/shipping-returns/","(C$4.99 Incl. tax)"
"javascript:;","21cm Soft Silicone Frisbee","has been added to your shopping cart","More info","https://www.thebomberstore.com/copy-of-soft-pu-football.html","C$8.99","(C$8.99 Incl. tax)","Make a choice","-","+","Add to cart","javascript:;","Continue shopping","View cart","Out of stock","","","","","","","",""
"","","","","","C$8.99","(C$8.99 Incl. tax)","","","","+ Add to cart","https://www.thebomberstore.com/accessories/page7.html#product-popup-65557432","+","","","https://www.thebomberstore.com/copy-of-soft-pu-football.html","https://cdn.shoplightspeed.com/shops/629769/files/68775778/500x350x2/flash-sales-21cm-soft-silicone-frisbee.jpg","https://cdn.shoplightspeed.com/shops/629769/files/68775778/image.jpg","21cm Soft Silicone Frisbee","https://www.thebomberstore.com/account/wishlistAdd/65557432/?variant_id=109960595","C$8.99","https://www.thebomberstore.com/service/shipping-returns/","(C$8.99 Incl. tax)"
"javascript:;","3 Pack Soft Grip Pens","has been added to your shopping cart","More info","https://www.thebomberstore.com/3-pack-soft-grip-pens.html","C$16.99","(C$16.99 Incl. tax)","Make a choice","-","+","Add to cart","javascript:;","Continue shopping","View cart","Out of stock","","","","","","","",""
"","","","","","C$16.99","(C$16.99 Incl. tax)","","","","+ Add to cart","https://www.thebomberstore.com/accessories/page7.html#product-popup-59204082","+","","","https://www.thebomberstore.com/3-pack-soft-grip-pens.html","https://cdn.shoplightspeed.com/shops/629769/files/62076840/500x350x2/the-sports-vault-3-pack-soft-grip-pens.jpg","https://cdn.shoplightspeed.com/shops/629769/files/62076840/image.jpg","3 Pack Soft Grip Pens","https://www.thebomberstore.com/account/wishlistAdd/59204082/?variant_id=98362320","C$16.99","https://www.thebomberstore.com/service/shipping-returns/","(C$16.99 Incl. tax)"
"javascript:;","16oz Kids Water Bottle","has been added to your shopping cart","More info","https://www.thebomberstore.com/16oz-kids-water-bottle.html","C$29.99","(C$29.99 Incl. tax)","Make a choice","-","+","Add to cart","javascript:;","Continue shopping","View cart","Out of stock","","","","","","","",""
"","","","","","C$29.99","(C$29.99 Incl. tax)","","","","+ Add to cart","https://www.thebomberstore.com/accessories/page7.html#product-popup-57886322","+","","","https://www.thebomberstore.com/16oz-kids-water-bottle.html","https://cdn.shoplightspeed.com/shops/629769/files/57259291/500x350x2/the-sports-vault-16oz-kids-water-bottle.jpg","https://cdn.shoplightspeed.com/shops/629769/files/57259291/image.jpg","16oz Kids Water Bottle","https://www.thebomberstore.com/account/wishlistAdd/57886322/?variant_id=95893056","C$29.99","https://www.thebomberstore.com/service/shipping-returns/","(C$29.99 Incl. tax)"
"javascript:;","Bombers Colouring Book","has been added to your shopping cart","More info","https://www.thebomberstore.com/bombers-colouring-book.html","C$13.99","(C$13.99 Incl. tax)","Make a choice","-","+","Add to cart","javascript:;","Continue shopping","View cart","Out of stock","","","","","","","",""
"","","","","","C$13.99","(C$13.99 Incl. tax)","","","","+ Add to cart","https://www.thebomberstore.com/accessories/page7.html#product-popup-56413347","+","","","https://www.thebomberstore.com/bombers-colouring-book.html","https://cdn.shoplightspeed.com/shops/629769/files/56723573/500x350x2/rachel-lancaster-artist-bombers-colouring-book.jpg","https://cdn.shoplightspeed.com/shops/629769/files/56723573/image.jpg","Bombers Colouring Book","https://www.thebomberstore.com/account/wishlistAdd/56413347/?variant_id=93290413","C$13.99","https://www.thebomberstore.com/service/shipping-returns/","(C$13.99 Incl. tax)"
"javascript:;","2 Pack Royal W Logo Face Mask","has been added to your shopping cart","More info","https://www.thebomberstore.com/2-pack-royal-w-logo-face-mask.html","C$9.99","(C$9.99 Incl. tax)","Make a choice","-","+","Add to cart","javascript:;","Continue shopping","View cart","Out of stock","","","","","","","",""
"","","","","","C$9.99","(C$9.99 Incl. tax)","","","","+ Add to cart","https://www.thebomberstore.com/accessories/page7.html#product-popup-29645089","+","","","https://www.thebomberstore.com/2-pack-royal-w-logo-face-mask.html","https://cdn.shoplightspeed.com/shops/629769/files/21824619/500x350x2/blue-bombers-brand-2-pack-royal-w-logo-face-mask.jpg","https://cdn.shoplightspeed.com/shops/629769/files/21824619/image.jpg","2 Pack Royal W Logo Face Mask","https://www.thebomberstore.com/account/wishlistAdd/29645089/?variant_id=48954258","C$9.99","https://www.thebomberstore.com/service/shipping-returns/","(C$9.99 Incl. tax)"
"javascript:;","770 ml Insulated Shaker Cup","has been added to your shopping cart","More info","https://www.thebomberstore.com/770-ml-insulated-shaker-cup.html","C$49.99","(C$49.99 Incl. tax)","Make a choice","-","+","Add to cart","javascript:;","Continue shopping","View cart","Out of stock","","","","","","","",""
"","","","","","C$49.99","(C$49.99 Incl. tax)","","","","+ Add to cart","https://www.thebomberstore.com/accessories/page7.html#product-popup-62508139","+","","","https://www.thebomberstore.com/770-ml-insulated-shaker-cup.html","https://cdn.shoplightspeed.com/shops/629769/files/63995009/500x350x2/supplement-king-770-ml-insulated-shaker-cup.jpg","https://cdn.shoplightspeed.com/shops/629769/files/63995009/image.jpg","770 ml Insulated Shaker Cup","https://www.thebomberstore.com/account/wishlistAdd/62508139/?variant_id=104368075","C$49.99","https://www.thebomberstore.com/service/shipping-returns/","(C$49.99 Incl. tax)"
"javascript:;","BBQ Spatula","has been added to your shopping cart","More info","https://www.thebomberstore.com/bbq-spatula.html","C$29.99","(C$29.99 Incl. tax)","Make a choice","-","+","Add to cart","javascript:;","Continue shopping","View cart","Out of stock","","","","","","","",""
"","","","","","C$29.99","(C$29.99 Incl. tax)","","","","+ Add to cart","https://www.thebomberstore.com/accessories/page8.html#product-popup-58838324","+","","","https://www.thebomberstore.com/bbq-spatula.html","https://cdn.shoplightspeed.com/shops/629769/files/62076806/500x350x2/the-sports-vault-bbq-spatula.jpg","https://cdn.shoplightspeed.com/shops/629769/files/62076806/image.jpg","BBQ Spatula","https://www.thebomberstore.com/account/wishlistAdd/58838324/?variant_id=97657183","C$29.99","https://www.thebomberstore.com/service/shipping-returns/","(C$29.99 Incl. tax)"
"javascript:;","Blue & Gold Large Cutting Board","has been added to your shopping cart","More info","https://www.thebomberstore.com/blue-gold-large-cutting-board.html","C$25.99","(C$25.99 Incl. tax)","Make a choice","-","+","Add to cart","javascript:;","Continue shopping","View cart","Out of stock","","","","","","","",""
"","","","","","C$25.99","(C$25.99 Incl. tax)","","","","+ Add to cart","https://www.thebomberstore.com/accessories/page8.html#product-popup-58838256","+","","","https://www.thebomberstore.com/blue-gold-large-cutting-board.html","https://cdn.shoplightspeed.com/shops/629769/files/62076470/500x350x2/the-sports-vault-blue-gold-large-cutting-board.jpg","https://cdn.shoplightspeed.com/shops/629769/files/62076470/image.jpg","Blue & Gold Large Cutting Board","https://www.thebomberstore.com/account/wishlistAdd/58838256/?variant_id=97657019","C$25.99","https://www.thebomberstore.com/service/shipping-returns/","(C$25.99 Incl. tax)"
"javascript:;","Satin Dog Leash","has been added to your shopping cart","More info","https://www.thebomberstore.com/satin-dog-leash.html","C$23.00","(C$23.00 Incl. tax)","Make a choice","-","+","Add to cart","javascript:;","Continue shopping","View cart","Out of stock","","","","","","","",""
"","","","","","C$23.00","(C$23.00 Incl. tax)","","","","+ Add to cart","https://www.thebomberstore.com/accessories/page8.html#product-popup-56457934","+","","","https://www.thebomberstore.com/satin-dog-leash.html","https://cdn.shoplightspeed.com/shops/629769/files/56652687/500x350x2/pets-first-satin-dog-leash.jpg","https://cdn.shoplightspeed.com/shops/629769/files/56652687/image.jpg","Satin Dog Leash","https://www.thebomberstore.com/account/wishlistAdd/56457934/?variant_id=93361978","C$23.00","https://www.thebomberstore.com/service/shipping-returns/","(C$23.00 Incl. tax)"