"close-popup href","product-info","sutitle-product-popup","description","product-info 2","product-info href","new-price","inc-tax","variants","down","up","btn","btn href","btn 2","btn 3","unavailable-product-popup","img href","first src","product-fancy href","title","grid-cell href","new-price 2","price href 2","inc-tax 2"
"javascript:;","Customizable Men's Home Jersey","has been added to your shopping cart","Customize your own Bombers jersey, just like the ones the players wear on the field!","More info","https://www.thebomberstore.com/customizable-mens-home-jersey.html","C$244.99","(C$244.99 Incl. tax)","Make a choice","-","+","Add to cart","javascript:;","Continue shopping","View cart","Out of stock","","","","","","","",""
"","","","","","","C$244.99","(C$244.99 Incl. tax)","","","","+ Add to cart","https://www.thebomberstore.com/jerseys/#product-popup-24441871","+","","","https://www.thebomberstore.com/customizable-mens-home-jersey.html","https://cdn.shoplightspeed.com/shops/629769/files/20897630/500x350x2/new-era-customizable-mens-home-jersey.jpg","https://cdn.shoplightspeed.com/shops/629769/files/20897630/image.jpg","Customizable Men's Home Jersey","https://www.thebomberstore.com/account/wishlistAdd/24441871/?variant_id=82666131","C$244.99","https://www.thebomberstore.com/service/shipping-returns/","(C$244.99 Incl. tax)"
"javascript:;","New Era Home Jersey","has been added to your shopping cart","Rep your Bombers at the stadium, at home and everywhere else with this New Era Home Jersey!","More info","https://www.thebomberstore.com/new-era-home-jersey.html","C$134.99","(C$134.99 Incl. tax)","Make a choice","-","+","Add to cart","javascript:;","Continue shopping","View cart","Out of stock","","","","","","","",""
"","","","","","","C$134.99","(C$134.99 Incl. tax)","","","","+ Add to cart","https://www.thebomberstore.com/jerseys/#product-popup-24548618","+","","","https://www.thebomberstore.com/new-era-home-jersey.html","https://cdn.shoplightspeed.com/shops/629769/files/20897524/500x350x2/new-era-new-era-home-jersey.jpg","https://cdn.shoplightspeed.com/shops/629769/files/20897524/image.jpg","New Era Home Jersey","https://www.thebomberstore.com/account/wishlistAdd/24548618/?variant_id=40919086","C$134.99","https://www.thebomberstore.com/service/shipping-returns/","(C$134.99 Incl. tax)"
"javascript:;","New Era Blank Away Jersey","has been added to your shopping cart","Rep your Bombers everywhere you go with this sharp New Era jersey!","More info","https://www.thebomberstore.com/new-era-away-jersey.html","C$134.99","(C$134.99 Incl. tax)","Make a choice","-","+","Add to cart","javascript:;","Continue shopping","View cart","Out of stock","","","","","","","",""
"","","","","","","C$134.99","(C$134.99 Incl. tax)","","","","+ Add to cart","https://www.thebomberstore.com/jerseys/#product-popup-24551800","+","","","https://www.thebomberstore.com/new-era-away-jersey.html","https://cdn.shoplightspeed.com/shops/629769/files/20897467/500x350x2/new-era-new-era-blank-away-jersey.jpg","https://cdn.shoplightspeed.com/shops/629769/files/20897467/image.jpg","New Era Blank Away Jersey","https://www.thebomberstore.com/account/wishlistAdd/24551800/?variant_id=40929452","C$134.99","https://www.thebomberstore.com/service/shipping-returns/","(C$134.99 Incl. tax)"
"javascript:;","New Era Women's Blank Away Jersey","has been added to your shopping cart","This 2019 New Era women's jersey features embroidered “Blue Bombers” on the front, a sewn-on CFL logo, multi-layered sleeves, collar and printed logo on sleeves.","More info","https://www.thebomberstore.com/new-era-womens-away-jersey.html","C$129.99","(C$129.99 Incl. tax)","Make a choice","-","+","Add to cart","javascript:;","Continue shopping","View cart","Out of stock","","","","","","","",""
"","","","","","","C$129.99","(C$129.99 Incl. tax)","","","","+ Add to cart","https://www.thebomberstore.com/jerseys/#product-popup-24551823","+","","","https://www.thebomberstore.com/new-era-womens-away-jersey.html","https://cdn.shoplightspeed.com/shops/629769/files/20897424/500x350x2/new-era-new-era-womens-blank-away-jersey.jpg","https://cdn.shoplightspeed.com/shops/629769/files/20897424/image.jpg","New Era Women's Blank Away Jersey","https://www.thebomberstore.com/account/wishlistAdd/24551823/?variant_id=40929521","C$129.99","https://www.thebomberstore.com/service/shipping-returns/","(C$129.99 Incl. tax)"
"javascript:;","Customizable Women's Home Jersey","has been added to your shopping cart","The New Era replica fan jersey features embroidered “Blue Bombers” on the front along with a sewn-on CFL logo. This lightweight design features multi-layered sleeves, collar and printed logo on sleeves.","More info","https://www.thebomberstore.com/customized-womens-home-jersey.html","C$239.98","(C$239.98 Incl. tax)","Make a choice","-","+","Add to cart","javascript:;","Continue shopping","View cart","Out of stock","","","","","","","",""
"","","","","","","C$239.98","(C$239.98 Incl. tax)","","","","+ Add to cart","https://www.thebomberstore.com/jerseys/#product-popup-24643268","+","","","https://www.thebomberstore.com/customized-womens-home-jersey.html","https://cdn.shoplightspeed.com/shops/629769/files/20896986/500x350x2/new-era-customizable-womens-home-jersey.jpg","https://cdn.shoplightspeed.com/shops/629769/files/20896986/image.jpg","Customizable Women's Home Jersey","https://www.thebomberstore.com/account/wishlistAdd/24643268/?variant_id=41090024","C$239.98","https://www.thebomberstore.com/service/shipping-returns/","(C$239.98 Incl. tax)"
"javascript:;","#8 Collaros Home Jersey","has been added to your shopping cart","Rep the 2021 CFL's most outstanding player, Zach Collaros, with this Winnipeg Blue Bombers jersey!","More info","https://www.thebomberstore.com/8-collaros-home-jersey.html","C$244.99","(C$244.99 Incl. tax)","Make a choice","-","+","Add to cart","javascript:;","Continue shopping","View cart","Out of stock","","","","","","","",""
"","","","","","","C$244.99","(C$244.99 Incl. tax)","","","","+ Add to cart","https://www.thebomberstore.com/jerseys/#product-popup-24643554","+","","","https://www.thebomberstore.com/8-collaros-home-jersey.html","https://cdn.shoplightspeed.com/shops/629769/files/46600927/500x350x2/new-era-8-collaros-home-jersey.jpg","https://cdn.shoplightspeed.com/shops/629769/files/46600927/image.jpg","#8 Collaros Home Jersey","https://www.thebomberstore.com/account/wishlistAdd/24643554/?variant_id=41090422","C$244.99","https://www.thebomberstore.com/service/shipping-returns/","(C$244.99 Incl. tax)"
"javascript:;","New Era Youth Home Jersey","has been added to your shopping cart","Get your young Bombers fan geared up with this New Era Youth home jersey!","More info","https://www.thebomberstore.com/new-era-youth-home-jersey.html","C$80.00","(C$80.00 Incl. tax)","Make a choice","-","+","Add to cart","javascript:;","Continue shopping","View cart","Out of stock","","","","","","","",""
"","","","","","","C$80.00","(C$80.00 Incl. tax)","","","","+ Add to cart","https://www.thebomberstore.com/jerseys/#product-popup-24672884","+","","","https://www.thebomberstore.com/new-era-youth-home-jersey.html","https://cdn.shoplightspeed.com/shops/629769/files/17694226/500x350x2/new-era-new-era-youth-home-jersey.jpg","https://cdn.shoplightspeed.com/shops/629769/files/17694226/image.jpg","New Era Youth Home Jersey","https://www.thebomberstore.com/account/wishlistAdd/24672884/?variant_id=41133269","C$80.00","https://www.thebomberstore.com/service/shipping-returns/","(C$80.00 Incl. tax)"
"javascript:;","New Era Toddler Home Jersey","has been added to your shopping cart","Get your young Bombers fan geared up with this New Era Toddler home jersey!","More info","https://www.thebomberstore.com/new-era-toddler-home-jersey.html","C$72.00","(C$72.00 Incl. tax)","Make a choice","-","+","Add to cart","javascript:;","Continue shopping","View cart","Out of stock","","","","","","","",""
"","","","","","","C$72.00","(C$72.00 Incl. tax)","","","","+ Add to cart","https://www.thebomberstore.com/jerseys/#product-popup-24672936","+","","","https://www.thebomberstore.com/new-era-toddler-home-jersey.html","https://cdn.shoplightspeed.com/shops/629769/files/17694377/500x350x2/new-era-new-era-toddler-home-jersey.jpg","https://cdn.shoplightspeed.com/shops/629769/files/17694377/image.jpg","New Era Toddler Home Jersey","https://www.thebomberstore.com/account/wishlistAdd/24672936/?variant_id=41133345","C$72.00","https://www.thebomberstore.com/service/shipping-returns/","(C$72.00 Incl. tax)"
"javascript:;","New Era Infant Home Jersey","has been added to your shopping cart","Get your youngest Bombers fan geared up with this New Era infant home jersey!","More info","https://www.thebomberstore.com/new-era-infant-home-jersey.html","C$72.00","(C$72.00 Incl. tax)","Make a choice","-","+","Add to cart","javascript:;","Continue shopping","View cart","Out of stock","","","","","","","",""
"","","","","","","C$72.00","(C$72.00 Incl. tax)","","","","+ Add to cart","https://www.thebomberstore.com/jerseys/#product-popup-24672970","+","","","https://www.thebomberstore.com/new-era-infant-home-jersey.html","https://cdn.shoplightspeed.com/shops/629769/files/17694495/500x350x2/new-era-new-era-infant-home-jersey.jpg","https://cdn.shoplightspeed.com/shops/629769/files/17694495/image.jpg","New Era Infant Home Jersey","https://www.thebomberstore.com/account/wishlistAdd/24672970/?variant_id=41133393","C$72.00","https://www.thebomberstore.com/service/shipping-returns/","(C$72.00 Incl. tax)"
"javascript:;","New Era Women's Blank Home Jersey","has been added to your shopping cart","Rep your Blue Bombers on game days, or any day, with this women's home jersey!","More info","https://www.thebomberstore.com/new-era-womens-home-jersey.html","C$129.99","(C$129.99 Incl. tax)","Make a choice","-","+","Add to cart","javascript:;","Continue shopping","View cart","Out of stock","","","","","","","",""
"","","","","","","C$129.99","(C$129.99 Incl. tax)","","","","+ Add to cart","https://www.thebomberstore.com/jerseys/#product-popup-24673053","+","","","https://www.thebomberstore.com/new-era-womens-home-jersey.html","https://cdn.shoplightspeed.com/shops/629769/files/20897105/500x350x2/new-era-new-era-womens-blank-home-jersey.jpg","https://cdn.shoplightspeed.com/shops/629769/files/20897105/image.jpg","New Era Women's Blank Home Jersey","https://www.thebomberstore.com/account/wishlistAdd/24673053/?variant_id=41133599","C$129.99","https://www.thebomberstore.com/service/shipping-returns/","(C$129.99 Incl. tax)"
"javascript:;","Customizable Men's Away Jersey","has been added to your shopping cart","Customize your own Bombers jersey, just like the ones the players wear on the field!","More info","https://www.thebomberstore.com/customizable-mens-away-jersey.html","C$244.99","(C$244.99 Incl. tax)","Make a choice","-","+","Add to cart","javascript:;","Continue shopping","View cart","Out of stock","","","","","","","",""
"","","","","","","C$244.99","(C$244.99 Incl. tax)","","","","+ Add to cart","https://www.thebomberstore.com/jerseys/#product-popup-30560833","+","","","https://www.thebomberstore.com/customizable-mens-away-jersey.html","https://cdn.shoplightspeed.com/shops/629769/files/45080943/500x350x2/new-era-customizable-mens-away-jersey.jpg","https://cdn.shoplightspeed.com/shops/629769/files/45080943/image.jpg","Customizable Men's Away Jersey","https://www.thebomberstore.com/account/wishlistAdd/30560833/?variant_id=50383760","C$244.99","https://www.thebomberstore.com/service/shipping-returns/","(C$244.99 Incl. tax)"
"javascript:;","Customizable Women's Away Jersey","has been added to your shopping cart","Customize your own Bombers jersey, just like the ones the players wear on the field!","More info","https://www.thebomberstore.com/customizable-womens-away-jersey.html","C$239.98","(C$239.98 Incl. tax)","Make a choice","-","+","Add to cart","javascript:;","Continue shopping","View cart","Out of stock","","","","","","","",""
"","","","","","","C$239.98","(C$239.98 Incl. tax)","","","","+ Add to cart","https://www.thebomberstore.com/jerseys/#product-popup-30584167","+","","","https://www.thebomberstore.com/customizable-womens-away-jersey.html","https://cdn.shoplightspeed.com/shops/629769/files/45080967/500x350x2/new-era-customizable-womens-away-jersey.jpg","https://cdn.shoplightspeed.com/shops/629769/files/45080967/image.jpg","Customizable Women's Away Jersey","https://www.thebomberstore.com/account/wishlistAdd/30584167/?variant_id=50427317","C$239.98","https://www.thebomberstore.com/service/shipping-returns/","(C$239.98 Incl. tax)"